,name
0,Ishita Sharma
1,Isabel Nicole Limpo
2,Ahmed Ashraf
3,Igor Galo
4,by Manuel Pérez Romero
5,Shivangi Mittal
6,Tamara El Khoury
7,Pilar Moreno López
8,Ines Mendoza
9,Huong May Truong
10,Bernardo Dillon
11,Marlon Kerim
12,Manuel Concepción
13,CEO ALMA DE CARRAOVEJAS
14,Leticia Ponce Hernández
15,Letizia Caprile
16,Marija Sparre
17,Jack Radford
18,Daniel Soriano
19,Mickela Vucetich
20,Adriana Hoyos
21,Christo Atanasov Kostov
22,Santiago Riley
23,Cardenal Zúñiga 12
24,Tomas Vintimilla
25,Ryan Daher
26,Manisha Sinha
27,Pablo Chamorro Casero
28,Catharina Doria
29,Ted Lechterman
30,Olimpia López
31,Suzan Awinat
32,Agustín González-Agote
33,Aránzazu de la Linde
34,MERUMBRELLAFOLDU18N
35,Alejandro Pardo
36,Antonio Aloisi
37,Bart Friese
38,Daniel Cheryshev
39,Diego Padilla
40,Vera Prohaska
41,Antonio Quijano
42,"Sergio Nuhrmann, Angola-Germany"
43,Iñigo Cavestany
44,Lisa Bevill
45,Manuela Correa
46,Farah Sabobeh
47,Ritxi Ostáriz
48,Dae-Jin Lee
49,Emilija Berzanskaite
50,Orhan Cody
51,Adriana Del Barrio
52,CREATED BY Eduardo Layrisse
53,Francisco Seijo Maceiras
54,Gayle Were
55,Anusha D’Souza
56,Juan Carlos Silva
57,Valeria Salgado Camino
58,Susana Torres Prieto
59,Zain Balkar
60,Isabel Wu
61,Kakoli Sen
62,Xenia Viladas
63,AYUDA FINANCIERA
64,Leticia Zarandieta Hernández
65,Mariana Niethardt
66,Silvia Medina Villar
67,Francisco Cruzado Perni
68,Rafael Fernández
69,Bubelo Mlilo
70,Charlotte Taglioni
71,María Pareja
72,Borja Santos Porras
73,SKU: GASTCHANGEIEBSU19N
74,Fernando de Roda
75,Michele Testoni
76,Genérico
77,Claudio Alonso
78,Alejandro Astiaso
79,Tancrède Thoma
80,Julia Alvarez Revilla
81,Patricia García
82,Ibrahim Al-Marashi
83,Ariel Borrego
84,Chahat Mishra
85,Rafif Srour
86,Ángela Brito
87,Antonio López Rosell
88,Mariano Álvarez Diente
89,Bartosz Rzycki
90,Krystyna Marcinek
91,Antonio Pérez Fritsch
92,Martin Jacob
93,Emma Morales
94,by Martha Thorne
95,Guillermo de Haro
96,Taiki Kubota
97,Gonzalo Garland
98,Matheus Paro
99,Tamar's Story
100,Almustafa Mahmoud
101,Landon Konzen
102,Chuck Casano
103,Ariadni - Anthi Papouli
104,Annick Janssens
105,Cristina Acevedo
106,Maricarmen Martínez
107,Albert Capellas
108,Waleed Abu Nada
109,Ana González
110,Mar Morris
111,David Goodman
112,Allison Rohe
113,Pablo Jódar
114,Javier Sauras
115,Enrique Dans
116,Daniel Precioso Garcelán
117,Karl Asger Juhl
118,Zahraa Jabbar
119,Juan Azcarate Venegas
120,Carla Llorente
121,Sofia Silva
122,Emily Swan
123,Alessandra Ortecho
124,Robert Polding
125,Isabella Massot
126,Malasaña
127,David Santos
128,Svea Freiberg
129,Silvana Castillo Villamizar
130,Miguel Vaquero
131,Nick van Dam
132,Leticia Zarandieta
133,Mariana Ferreira
134,Valentin Garcia
135,Antoine Jauvert
136,By Manuel Pérez Romero
137,Ana Belén Torres
138,Alex Martinez
139,Jorge Pérez Jaramillo
140,by Cristina Mateo
141,Peter Bryant
142,Yousif Alsaffar
143,Horacio Cabrera
144,Marangu
145,Adriana Unzueta
146,Paula García
147,Karla Santos
148,Nina Wiesehomeier
149,Carlos Lastra
150,François Delerue
151,Jikyung Kim
152,Pablo Foncillas
153,Sanya Shah Ketan
154,Marina Aksenova
155,Manuele Leonelli
156,Nacho Mateo
157,Ana Karin Kretschmer Contreras
158,Igor Bragado
159,Ana Pumar
160,Federico Barrios
161,Ignacio Lasheras Feijoo
162,Pablo Cuesta Sanz
163,Mitsuru Nakayama
164,Gonzalo Llanes
165,Marisa Santamaría
166,Reza Alibakhshi
167,Guzman Noya
168,Laura Zimmermann
169,Abdul Salam
170,Yuliya Kaspiarovich
171,Trinidad Alvarez Vanoli
172,Isabella Miller
173,MIguel Estrada
174,Amelie Sophie Sohler
175,Laura Escobar
176,Andrea Castillo
177,Javier Fernández-Lasquetty
178,Carlos Rafael González Soffner
179,Eric Cornuel
180,Clémentine Gautier
181,Elisa Hicks
182,Martin Rodriguez Jugo
183,Elena Yustres
184,Khalid Al Nasrawi
185,Amanda Montes
186,Stefaan Verhulst
187,Bienvenida
188,Marcela Aragüez
189,Carlos Gordon
190,Alejandra Rubira
191,By Manuel Pérez Romero.
192,Maria Sirotkina
193,Arturo Cuesta
194,Valeria Flores Siles
195,Hannah Demeyere
196,DONA AHORA
197,Giulia Camargo
198,Oxana's Story
199,Gian Frank Coraggio
200,Irene Lozoya
201,LEARN MORE
202,Ignacio Llopis
203,Olivier Pablo Garnier
204,María José Jiménez Orozco
205,Amaya Úbeda
206,José Luis Terrón Guijarro
207,Anindo Bhattacharjee
208,Daniela Nicole Aguila Meza
209,Vanshika Shivnani
210,"Plaksha University, India"
211,Barry Cooper
212,Marta Lázaro
213,Alejandro Gutierrez
214,Jessica Tollette
215,Carla Costa
216,Discover more about Jasmína
217,Manuel Vilela
218,Alejandro Sáez
219,Cristina Mateo
220,Antonios Kouroutakis
221,TAKE OUR QUIZ
222,Eric Cuevas
223,Pablo Gómez-Olmedo
224,Cortiñas Lúquez
225,Isabel Ordovás
226,Jody Williams
227,Tess de Gregorio
228,Néstor García-Barceló
229,Ayla Rodríguez
230,Francesco Furno
231,Juan Antonio Just Masip
232,Tamara Abusara
233,Pamela Rolfe
234,Tadea Querejazu Escauriaza
235,by Carmen Panadero
236,Cyril Tabet
237,Javier A. García Sedano
238,Antonella Carducci
239,Dyanna Monique Rivera
240,Rafael Ballester
241,Óscar Martínez Tapia
242,Celia García Virosta
243,Luis de Carlos
244,Vanessa Ardabili
245,Valeria Rosenholtz
246,Beatriz Sanmartín
247,Irene Alda
248,David Moshfegh
249,Mariana Vélez Trejos
250,Anna Maria Schauenburg
251,Manuela Concha
252,Paula Moreno-Cervera
253,Elise Nouchi
254,MERTOTEMADSEGO22N
255,Alicia Clara Rojas
256,D.J. Flynn
257,Enrique Rodriguez
258,Tomás Lucero
259,Josep Gisbert
260,Carolina Villanueva Suárez
261,By Raj Rewal
262,Zaid Madamgha
263,Marie Ostermaier
264,Carlos Batallas
265,Rafael Pampillón
266,Silvia Audebrand
267,Carmen Corrais
268,Ruxandra Iancu-Bratosin
269,Javier Cerezo
270,GASTCHANGERIEGU19N
271,Bin Ma
272,Claudia Poudereux
273,Andrea Rivera
274,Waya Quiviger
275,Lavapiés
276,Andrea Restrepo Mejia
277,Juan Cabello Arribas
278,Lucas Josias Farup Ohrt
279,Alana Moceri
280,Tomohisa Miyauchi
281,Lupita Prada
282,Georgy Aroniya
283,Oscar Jonsson
284,Laura Jiménez
285,Joseph Pistrui
286,Julia Folch Schulz
287,Javier Castellar Aldamiz-Echevarria
288,Laila Shokry
289,Marina Garcia Vives
290,Raúl Rodríguez
291,Margarita Mayo
292,Fernando Bermejo Acosta
293,Christopher Miranda
294,Alexandre Anahory
295,Pavana Kiranmai Chepuri
296,Igor De La Horra
297,Stephanie Thielen
298,Cem Sinan Kayatekin
299,Susanna Harkonen
300,Zuzanna Julia Slotwinska
301,by Fernando de Roda
302,GASTCHANGEIEBSU19N
303,Olivia Glowacka
304,Ana Martínez Valls
305,Irene González
306,Ghita El Hachmi
307,Álvaro Sánchez
308,María Jesús Pérez Meneses
309,Lukas Macner
310,Paula Abascal
311,Sabine Yazbeck
312,kistefos
313,Mariam Katsanashvili
314,Andrew Bertoli
315,Wesam Al Asali
316,Gabriel Arrom Aparicio
317,Elliot Roazen
318,Georgine Roesle
319,Fernando de la Calzada
320,ONLINE TEST: KIRA
321,Baruc Corazón
322,Enrique García
323,Ernesto Chévere Hernández
324,Yoko Hwang
325,Elena San Deogracias
326,Anurag Phalke
327,Clint Goodrich
328,Ivan Torrez
329,Uría Menéndez
330,Nerea López Alández
331,Mikko Ketokivi
332,Carlos Vergara
333,Roché Smith Rabie
334,"MICHAEL PAGE, Senior Director"
335,BACHELORS
336,Irene Sánchez-Andrea
337,Manuel Quirós
338,Tharun Komari
339,Irene Perez-Lucerga Garrido
340,Goretti González
341,Juergen Foecking
342,Alba Dieguez
343,Cecilia de Cabo Jiménez
344,Stefan Stlärtze
345,María Isabel Merino
346,Stefan stlärtze
347,Shruti Choudhary
348,Peter Boland
349,Gorras
350,Pedro Gete
351,Juan Jose Güemes
352,Camila Barbagallo
353,Reem Hageali
354,Emilio Vaca
355,Carolina Sancho Avila
356,Xabier Mijangos
357,Federica Caso
358,Salvador Pérez González
359,Kashish Goyal
360,Alejandra Mory Torres
361,Anna Valeri Jelezovskaia
362,Giulia De Palmas
363,Eugenia Castrillón
364,Habi
365,Soledad Atienza
366,Santiago Rodríguez
367,Pola Nachyła
368,Federica Coppola
369,GASTCHANGERIEUU19N
370,Obaloluwa Dairo
371,Telma Posse
372,Laura Villax
373,Michael Becher
374,Tomas Lucero
375,Yasmina Taher
376,Patrick Luiz De Oliveira
377,Tomomi Dambara
378,by Cem Kayatekin
379,MADRID
380,Fatemeh Monfared
381,Adriana Grossmann
382,Inés De Remedios
383,Jasmina Orlicka
384,Vicente Pascual
385,Paulina Samovica
386,Isabella Deshon
387,Keith Carter
388,Fernando Cortiñas
389,Coockie Policy
390,Patricia García Rodríguez
391,Antonio De Vito
392,A.T. Kearney
393,Sebastian Arnold
394,David Gómez-Ullate Oteiza
395,Layth Fahoum
396,By Cristina Mateo
397,Tumbao
398,Susana Martínez
399,Arina Tembo
400,Rocío González
401,Ángel Alonso Arroba
402,Sabrina Inarra
403,Alicia Clara
404,Miguel Larrañaga
405,Carolina Sancho
